benchmark,pde_key,pinn_loss_total,pinn_loss_res,pinn_loss_bc,pinn_rel_l2,pinn_time,pcgrad_loss_total,pcgrad_loss_res,pcgrad_loss_bc,pcgrad_rel_l2,pcgrad_time,cagrad_loss_total,cagrad_loss_res,cagrad_loss_bc,cagrad_rel_l2,cagrad_time,aspinn_loss_total,aspinn_loss_res,aspinn_loss_bc,aspinn_rel_l2,aspinn_time,aspinn_subspaces
Burgers 1D Shock,burgers1d,0.27029908834811067,0.1574437916278839,2.3258484361576848e-05,0.9988144040107727,13.131242275238037,6.1005678900837665,0.0001840301265474409,3.685862247948535e-05,0.9692538380622864,12.166839122772217,10.257823894335406,3.121444933640305e-07,5.746813691587249e-09,0.999998927116394,7.6610448360443115,0.05368913900019834,0.033523332327604294,1.9613888071035035e-05,0.6078601479530334,69.26194763183594,7
2D High-Peclet Convection (beta=10),convection2d,1.7052015936933458,0.0035856380127370358,0.0820213034749031,0.5903341770172119,20.277018785476685,4.5800165347754955,0.007329832762479782,0.12580157816410065,0.7306178212165833,21.54285168647766,9.825306815868316,2.7997260986012407e-05,0.24735991656780243,1.0149327516555786,15.059876441955566,0.016948947130003944,0.006991775706410408,0.00043556815944612026,0.03238774836063385,389.6666507720947,22
2D Non-Linear Schrodinger (Quantum NLS),quantum_nls,0.01739605190232396,0.013357890769839287,0.00013224509893916547,0.24243934452533722,35.8637170791626,0.25864554289728403,0.19555974006652832,0.0015318081714212894,0.5200751423835754,33.643070936203,40.710307674482465,0.02492101676762104,1.2636620998382568,1.0337613821029663,23.690682649612427,0.011943763289309572,0.011188652366399765,2.420853343210183e-05,0.4202103316783905,600.1428697109222,21
2D High-Frequency Helmholtz (k=4pi),helmholtz2d,1515.140676498413,1511.336669921875,0.1902003288269043,0.7581720948219299,29.55519461631775,3091.7961192280054,3091.781982421875,0.000706840306520462,0.9961888790130615,25.39976692199707,3240.1215821633623,3240.12158203125,6.60562271548315e-09,1.0000053644180298,21.009734392166138,2.0881957039237022,1.8595895767211914,0.011430306360125542,0.22111742198467255,497.46532583236694,21
4D Anisotropic Diffusion,high_dim4d,0.7522007515653968,0.003576825372874737,0.004683961160480976,0.6887310743331909,45.01630520820618,1.4576707330236331,1.2460334346542368e-06,0.0009202609653584659,0.9986394047737122,44.205341815948486,11.320701960973281,4.214568321003753e-07,0.2492205649614334,5.170709133148193,34.02665066719055,0.3330308264121413,0.03848039731383324,0.002074440708383918,0.33467185497283936,953.3130180835724,24
2D Non-Linear Bratu Thermal Ignition,bratu2d,0.00011750978387681243,0.00011248725058976561,2.511266643523413e-07,0.0006893750396557152,18.6927969455719,0.0024821857368806377,0.002168746432289481,1.5671965229557827e-05,0.002111846348270774,16.416211366653442,28.06025669630617,0.013980126939713955,1.4023138284683228,1.4619805812835693,12.711284637451172,1.5644419875116e-05,1.3995322660775855e-05,8.245486071700725e-08,0.0001482722582295537,264.7511897087097,17
2D Kovasznay Flow (Re=40),kovasznay,0.0029698479047510773,0.0007993222097866237,0.00010852628474822268,0.01278691366314888,30.093829870224,2.734282623976469,0.030877601355314255,0.13517025113105774,0.5217857956886292,26.379230499267578,20.532789456616385,2.262697051946816e-07,1.026639461517334,0.9866014719009399,21.115556955337524,0.00022130105389805976,0.00012563362543005496,4.78337142340024e-06,0.0018847653409466147,220.23734974861145,7
2D Cavity Navier-Stokes (Re=100),cavity_ns,0.2806442813016474,0.003223682288080454,0.013871029950678349,0.7529969215393066,59.365641832351685,0.25622596591711044,0.004728619009256363,0.012574867345392704,0.724886417388916,45.94886016845703,4.086796961708309,2.2335292726438638e-08,0.20433984696865082,1.4113823175430298,39.26292824745178,0.11060647200793028,0.002167043276131153,0.005421971436589956,0.09388678520917892,1474.5048038959503,22
2D Klein-Gordon Relativistic Wave,klein_gordon,1.6896692533046007,1.5272423028945923,0.006102266255766153,0.07605427503585815,29.407281398773193,26.726099960505962,25.98358154296875,0.024519450962543488,0.26289546489715576,29.08962845802307,4022.820303827524,4007.27392578125,0.6627521514892578,1.1933730840682983,21.349438190460205,0.18594554206356406,0.17310526967048645,0.0003367163008078933,0.01935247704386711,496.8417077064514,21
